{
  "name": "Quickswap Token List",
  "timestamp": "2021-11-17T07:49:28.244Z",
  "version": {
    "major": 1,
    "minor": 2,
    "patch": 8
  },
  "tags": {},
  "logoURI": "ipfs://QmQ9GCVmLQkbPohxKeCYkbpmwfTvHXrY64TmBsPQAZdbqZ",
  "keywords": [
    "uniswap",
    "default"
  ],
  "tokens": [
    {
      "name": "Nion",
      "address": "0xa10a1e274360c2573ee356173b132b33c774eb34",
      "symbol": "NION",
      "decimals": 18,
      "chainId": 137,
      "logoURI": "https://nion.fi/img/n.png"
    },
    {
      "name": "decentral.games",
      "address": "0x2a93172c8DCCbfBC60a39d56183B7279a2F647b4",
      "symbol": "$DG",
      "decimals": 18,
      "chainId": 137,
      "logoURI": "https://raw.githubusercontent.com/sameepsi/quickswap-default-token-list/master/assets/dg.jpg"
    },
    {
      "name": "Aave",
      "address": "0xD6DF932A45C0f255f85145f286eA0b292B21C90B",
      "symbol": "AAVE",
      "decimals": 18,
      "chainId": 137,
      "logoURI": "https://etherscan.io/token/images/aave_32.png"
    },
    {
      "name": "Adamant",
      "address": "0xc3FdbadC7c795EF1D6Ba111e06fF8F16A20Ea539",
      "symbol": "ADDY",
      "decimals": 18,
      "chainId": 137,
      "logoURI": "https://adamant.finance/img/adamant.png"
    },
    {
      "name": "Adshares",
      "address": "0x598e49f01bEfeB1753737934a5b11fea9119C796",
      "symbol": "ADS",
      "decimals": 11,
      "chainId": 137,
      "logoURI": "https://s2.coinmarketcap.com/static/img/coins/64x64/1883.png"
    },
    {
      "name": "AGA Token",
      "address": "0x033d942A6b495C4071083f4CDe1f17e986FE856c",
      "symbol": "AGA",
      "decimals": 4,
      "chainId": 137,
      "logoURI": "https://i.imgur.com/R0aQlym.png"
    },
    {
      "name": "AGA Rewards",
      "address": "0xF84BD51eab957c2e7B7D646A3427C5A50848281D",
      "symbol": "AGAr",
      "decimals": 8,
      "chainId": 137,
      "logoURI": "https://i.imgur.com/06BkcTT.png"
    },
    {
      "name": "Akash Network",
      "address": "0xf14fbC6B30e2c4BC05A1D4fbE34bf9f14313309D",
      "symbol": "AKT",
      "decimals": 6,
      "chainId": 137,
      "logoURI": "https://assets.coingecko.com/coins/images/12785/small/akash-logo.png?1615447676"
    },
    {
      "name": "Aluna",
      "address": "0xa8fcEe762642f156b5D757b6FabC36E06b6d4A1A",
      "symbol": "ALN",
      "decimals": 18,
      "chainId": 137,
      "logoURI": "https://assets.coingecko.com/coins/images/14379/small/uaLoLU8c_400x400_%281%29.png?1627873106"
    },
    {
      "name": "Angel",
      "address": "0x0B6afe834dab840335F87d99b45C2a4bd81A93c7",
      "symbol": "ANGEL",
      "decimals": 18,
      "chainId": 137,
      "logoURI": "https://assets.coingecko.com/coins/images/17739/small/Polylauncher_-_200_x_200.png?1629121147"
    },
    {
      "name": "Anyswap",
      "address": "0x6aB6d61428fde76768D7b45D8BFeec19c6eF91A8",
      "symbol": "ANY",
      "decimals": 18,
      "chainId": 137,
      "logoURI": "https://raw.githubusercontent.com/anyswap/Brand-assets/master/logo/c-128-white.svg"
    },
    {
      "name": "ARIANEE",
      "address": "0x46F48FbdedAa6F5500993BEDE9539ef85F4BeE8e",
      "symbol": "ARIA20",
      "decimals": 18,
      "chainId": 137,
      "logoURI": "https://aria.fyi/images/Aria_Logo_256.png"
    },
    {
      "name": "Cosmos",
      "address": "0xac51C4c48Dc3116487eD4BC16542e27B5694Da1b",
      "symbol": "ATOM",
      "decimals": 6,
      "chainId": 137,
      "logoURI": "https://assets.coingecko.com/coins/images/1481/small/cosmos_hub.png?1555657960"
    },
    {
      "name": "AutoMatic",
      "address": "0x3eB177A6693eC81d1E170136f8AD02fffBE172a7",
      "symbol": "AUMI",
      "decimals": 18,
      "chainId": 137,
      "logoURI": "https://assets.coingecko.com/coins/images/19413/small/automatic.PNG?1635212504"
    },
    {
      "name": "Avalanche Token",
      "address": "0x2C89bbc92BD86F8075d1DEcc58C7F4E0107f286b",
      "symbol": "AVAX",
      "decimals": 18,
      "chainId": 137,
      "logoURI": "https://assets.coingecko.com/coins/images/12559/small/coin-round-red.png?1604021818"
    },
    {
      "name": "BABYQUICK",
      "address": "0x9a05D1FF699ea187Dc8523E333eD63503f0d82db",
      "symbol": "BABYQUICK",
      "decimals": 18,
      "chainId": 137,
      "logoURI": "https://pbs.twimg.com/profile_images/1428328610444742660/4fa6uMzp_400x400.jpg"
    },
    {
      "name": "Bella",
      "address": "0x28C388FB1F4fa9F9eB445f0579666849EE5eeb42",
      "symbol": "BEL",
      "decimals": 18,
      "chainId": 137,
      "logoURI": "https://assets.coingecko.com/coins/images/12478/small/Bella.png?1602230054"
    },
    {
      "name": "beefy.finance",
      "address": "0xFbdd194376de19a88118e84E279b977f165d01b8",
      "symbol": "BIFI",
      "decimals": 18,
      "chainId": 137,
      "logoURI": "https://raw.githubusercontent.com/beefyfinance/beefy-app/prod/src/images/single-assets/BIFI.png"
    },
    {
      "name": "BLOK",
      "address": "0x229b1b6C23ff8953D663C4cBB519717e323a0a84",
      "symbol": "BLOK",
      "decimals": 18,
      "chainId": 137,
      "logoURI": "https://pbs.twimg.com/profile_images/1443182135410634754/l1wH-p3b_400x400.jpg"
    },
    {
      "name": "Binance Token",
      "address": "0x5c4b7CCBF908E64F32e12c6650ec0C96d717f03F",
      "symbol": "BNB",
      "decimals": 18,
      "chainId": 137,
      "logoURI": "https://assets.coingecko.com/coins/images/825/small/binance-coin-logo.png?1547034615"
    },
    {
      "name": "Celsius",
      "address": "0xD85d1e945766Fea5Eda9103F918Bd915FbCa63E6",
      "symbol": "CEL",
      "decimals": 4,
      "chainId": 137,
      "logoURI": "https://assets.coingecko.com/coins/images/3263/small/CEL_logo.png?1609598753"
    },
    {
      "name": "ChainGuardians Governance Token",
      "address": "0x2Ab4f9aC80F33071211729e45Cfc346C1f8446d5",
      "symbol": "CGG",
      "decimals": 18,
      "chainId": 137,
      "logoURI": "https://assets.coingecko.com/coins/images/14326/small/cgg_logo.png?1615429976"
    },
    {
      "name": "NFT Champions",
      "address": "0x8f9E8e833A69Aa467E42c46cCA640da84DD4585f",
      "symbol": "CHAMP",
      "decimals": 8,
      "chainId": 137,
      "logoURI": "https://assets.coingecko.com/coins/images/19536/small/champ.png?1635905981"
    },
    {
      "name": "Crosschain IOTX",
      "address": "0x300211Def2a644b036A9bdd3e58159bb2074d388",
      "symbol": "CIOTX",
      "decimals": 18,
      "chainId": 137,
      "logoURI": "https://raw.githubusercontent.com/iotexproject/iotex-token-metadata/master/images/io1nxetpma4de3wx6tqcgxdtj5wc64a24t64dc76s.png"
    },
    {
      "name": "Centaur Token",
      "address": "0xdae89dA41a96956e9e70320Ac9c0dd077070D3a5",
      "symbol": "CNTR",
      "decimals": 18,
      "chainId": 137,
      "logoURI": "https://assets.coingecko.com/coins/images/12743/small/logo_%2898%29.png?1602630445"
    },
    {
      "name": "Furucombo",
      "address": "0x6DdB31002abC64e1479Fc439692F7eA061e78165",
      "symbol": "COMBO",
      "decimals": 18,
      "chainId": 137,
      "logoURI": "https://assets.coingecko.com/coins/images/13629/small/COMBO_token_ol.png?1610701537"
    },
    {
      "name": "Compound",
      "address": "0x8505b9d2254A7Ae468c0E9dd10Ccea3A837aef5c",
      "symbol": "COMP",
      "decimals": 18,
      "chainId": 137,
      "logoURI": "https://raw.githubusercontent.com/trustwallet/assets/master/blockchains/ethereum/assets/0xc00e94Cb662C3520282E6f5717214004A7f26888/logo.png"
    },
    {
      "name": "CRV",
      "address": "0x172370d5Cd63279eFa6d502DAB29171933a610AF",
      "symbol": "CRV",
      "decimals": 18,
      "chainId": 137,
      "logoURI": "https://assets.coingecko.com/coins/images/12124/small/Curve.png?1597369484"
    },
    {
      "name": "DeFi11",
      "address": "0xc58158c14D4757EF36Ce25e493758F2fcEEDec5D",
      "symbol": "D11",
      "decimals": 18,
      "chainId": 137,
      "logoURI": "https://s2.coinmarketcap.com/static/img/coins/64x64/11147.png"
    },
    {
      "name": "Dai Stablecoin",
      "address": "0x8f3Cf7ad23Cd3CaDbD9735AFf958023239c6A063",
      "symbol": "DAI",
      "decimals": 18,
      "chainId": 137,
      "logoURI": "https://raw.githubusercontent.com/trustwallet/assets/master/blockchains/ethereum/assets/0x6B175474E89094C44Da98b954EedeAC495271d0F/logo.png"
    },
    {
      "name": "DEGEN Index",
      "address": "0x8a2870fb69A90000D6439b7aDfB01d4bA383A415",
      "symbol": "DEGEN",
      "decimals": 18,
      "chainId": 137,
      "logoURI": "https://raw.githubusercontent.com/sameepsi/quickswap-default-token-list/master/assets/DEGEN_LOGO.png"
    },
    {
      "name": "DeRace Token",
      "address": "0xB35fcBCF1fD489fCe02Ee146599e893FDCdC60e6",
      "symbol": "DERC",
      "decimals": 18,
      "chainId": 137,
      "logoURI": "https://assets.coingecko.com/coins/images/17438/small/derace-logo-black-coingecko.png?1627656907"
    },
    {
      "name": "DeSpace Protocol",
      "address": "0xa062fc09cA6bdeb2f6E3b77E1d4e09C42C964742",
      "symbol": "DES",
      "decimals": 18,
      "chainId": 137,
      "logoURI": "https://i.imgur.com/rb4P2E3.jpg"
    },
    {
      "name": "DeHive.finance",
      "address": "0x5fCB9de282Af6122ce3518CDe28B7089c9F97b26",
      "symbol": "DHV",
      "decimals": 18,
      "chainId": 137,
      "logoURI": "https://assets.coingecko.com/coins/images/14926/small/logo_200x200.png?1626181831"
    },
    {
      "name": "DinoSwap",
      "address": "0xAa9654BECca45B5BDFA5ac646c939C62b527D394",
      "symbol": "DINO",
      "decimals": 18,
      "chainId": 137,
      "logoURI": "https://assets.coingecko.com/coins/images/17103/small/DINO.png?1626244014"
    },
    {
      "name": "Dark Matter Token",
      "address": "0xd28449BB9bB659725aCcAd52947677ccE3719fD7",
      "symbol": "DMT",
      "decimals": 18,
      "chainId": 137,
      "logoURI": "https://darkmatter.finance/i/favicon/512x512.png"
    },
    {
      "name": "DinoX Coin",
      "address": "0xcaF5191fc480F43e4DF80106c7695ECA56E48B18",
      "symbol": "DNXC",
      "decimals": 18,
      "chainId": 137,
      "logoURI": "https://dinox.io/images/asset_icon_dnx.png"
    },
    {
      "name": "DefiPulse Index",
      "address": "0x85955046DF4668e1DD369D2DE9f3AEB98DD2A369",
      "symbol": "DPI",
      "decimals": 18,
      "chainId": 137,
      "logoURI": "https://assets.coingecko.com/coins/images/12465/small/defi_pulse_index_set.png?1600051053"
    },
    {
      "name": "DSLA",
      "address": "0xa0E390e9ceA0D0e8cd40048ced9fA9EA10D71639",
      "symbol": "DSLA",
      "decimals": 18,
      "chainId": 137,
      "logoURI": "https://storage.googleapis.com/stacktical-public/dsla.png"
    },
    {
      "name": "LoserchickEgg",
      "address": "0x245e5ddb65eFea6522Fa913229dF1f4957fB2e21",
      "symbol": "EGG",
      "decimals": 18,
      "chainId": 137,
      "logoURI": "https://i.loli.net/2021/07/28/bGfpAaC6idUZVNP.png"
    },
    {
      "name": "Eleven.finance",
      "address": "0xAcD7B3D9c10e97d0efA418903C0c7669E702E4C0",
      "symbol": "ELE",
      "decimals": 18,
      "chainId": 137,
      "logoURI": "https://assets.coingecko.com/coins/images/14541/small/eleven_finance_logo.png?1616895791"
    },
    {
      "name": "Elementeum",
      "address": "0x07738Eb4ce8932CA961c815Cb12C9d4ab5Bd0Da4",
      "symbol": "ELET",
      "decimals": 18,
      "chainId": 137,
      "logoURI": "https://etherlegends.com/ELET.png"
    },
    {
      "name": "Dogelon",
      "address": "0xE0339c80fFDE91F3e20494Df88d4206D86024cdF",
      "symbol": "ELON",
      "decimals": 18,
      "chainId": 137,
      "logoURI": "https://assets.coingecko.com/coins/images/14962/small/6GxcPRo3_400x400.jpg?1619157413"
    },
    {
      "name": "EthermonToken",
      "address": "0xd6A5aB46ead26f49b03bBB1F9EB1Ad5c1767974a",
      "symbol": "EMON",
      "decimals": 18,
      "chainId": 137,
      "logoURI": "https://s2.coinmarketcap.com/static/img/coins/64x64/9651.png"
    },
    {
      "name": "Ethernity Chain",
      "address": "0x0E50BEA95Fe001A370A4F1C220C49AEdCB982DeC",
      "symbol": "ERN",
      "decimals": 18,
      "chainId": 137,
      "logoURI": "https://assets.coingecko.com/coins/images/14238/small/ethernity_logo.png?1615189750"
    },
    {
      "name": "SifChain",
      "address": "0xa7051C5a22d963b81D71C2BA64D46a877fBc1821",
      "symbol": "EROWAN",
      "decimals": 18,
      "chainId": 137,
      "logoURI": "https://assets.coingecko.com/coins/images/14044/small/EROWAN.png?1614656300"
    },
    {
      "name": "Ether",
      "address": "0x7ceB23fD6bC0adD59E62ac25578270cFf1b9f619",
      "symbol": "ETH",
      "decimals": 18,
      "chainId": 137,
      "logoURI": "https://raw.githubusercontent.com/trustwallet/assets/master/blockchains/ethereum/assets/0xC02aaA39b223FE8D0A0e5C4F27eAD9083C756Cc2/logo.png"
    },
    {
      "name": "ETHA",
      "address": "0x59E9261255644c411AfDd00bD89162d09D862e38",
      "symbol": "ETHA",
      "decimals": 18,
      "chainId": 137,
      "logoURI": "https://assets.coingecko.com/coins/images/14141/small/etha_logo200x200.png?1614646986"
    },
    {
      "name": "EASY V2",
      "address": "0x34C1b299A74588D6Abdc1b85A53345A48428a521",
      "symbol": "EZ",
      "decimals": 18,
      "chainId": 137,
      "logoURI": "https://etherscan.io/token/images/easyfi_32.png?v=2"
    },
    {
      "name": "Fear NFTs",
      "address": "0xa2CA40DBe72028D3Ac78B5250a8CB8c404e7Fb8C",
      "symbol": "FEAR",
      "decimals": 18,
      "chainId": 137,
      "logoURI": "https://assets.coingecko.com/coins/images/15825/small/fear-logo-400-400.png?1625552865"
    },
    {
      "name": "Future of Finance Fund",
      "address": "0x9aCeB6f749396d1930aBc9e263eFc449E5e82c13",
      "symbol": "FFF",
      "decimals": 18,
      "chainId": 137,
      "logoURI": "https://assets.coingecko.com/coins/images/15761/small/xg1NFl0.png?1621825451"
    },
    {
      "name": "Fish",
      "address": "0x3a3Df212b7AA91Aa0402B9035b098891d276572B",
      "symbol": "FISH",
      "decimals": 18,
      "chainId": 137,
      "logoURI": "https://i.imgur.com/ncleoTN.png"
    },
    {
      "name": "FireStarter",
      "address": "0x22e3f02f86Bc8eA0D73718A2AE8851854e62adc5",
      "symbol": "FLAME",
      "decimals": 18,
      "chainId": 137,
      "logoURI": "https://assets.coingecko.com/coins/images/17359/small/Logo_black_%282%29.png?1634095075"
    },
    {
      "name": "The Force Token",
      "address": "0x546b4c391520E6652897c65153074088BFC0A909",
      "symbol": "FOR",
      "decimals": 18,
      "chainId": 137,
      "logoURI": "https://assets.coingecko.com/coins/images/8242/small/for.png?1606195375"
    },
    {
      "name": "Frax",
      "address": "0x104592a158490a9228070E0A8e5343B499e125D0",
      "symbol": "FRAX",
      "decimals": 18,
      "chainId": 137,
      "logoURI": "https://avatars.githubusercontent.com/u/56005256?s=200&v=4"
    },
    {
      "name": "FalconSwap Token",
      "address": "0xad5dc12E88C6534Eea8cFe2265851D9d4A1472AD",
      "symbol": "FSW",
      "decimals": 18,
      "chainId": 137,
      "logoURI": "https://falconswap.com/assets/img/logo/logo.png"
    },
    {
      "name": "Fantom Token",
      "address": "0xB85517b87BF64942adf3A0B9E4c71E4Bc5Caa4e5",
      "symbol": "FTM",
      "decimals": 18,
      "chainId": 137,
      "logoURI": "https://assets.coingecko.com/coins/images/4001/small/Fantom.png?1558015016"
    },
    {
      "name": "Frax Share",
      "address": "0x3e121107F6F22DA4911079845a470757aF4e1A1b",
      "symbol": "FXS",
      "decimals": 18,
      "chainId": 137,
      "logoURI": "https://avatars.githubusercontent.com/u/56005256?s=200&v=4"
    },
    {
      "name": "GAME Credits",
      "address": "0x8d1566569d5b695d44a9a234540f68D393cDC40D",
      "symbol": "GAME",
      "decimals": 18,
      "chainId": 137,
      "logoURI": "https://i.imgur.com/IIUglm9.png?1"
    },
    {
      "name": "GameStation",
      "address": "0x3f6b3595ecF70735D3f48D69b09C4E4506DB3F47",
      "symbol": "GAMER",
      "decimals": 18,
      "chainId": 137,
      "logoURI": "https://assets.coingecko.com/coins/images/19584/small/game_station.PNG?1635471603"
    },
    {
      "name": "GemBites",
      "address": "0xbe9512e2754cb938dd69Bbb96c8a09Cb28a02D6D",
      "symbol": "GBTS",
      "decimals": 18,
      "chainId": 137,
      "logoURI": "https://i.ibb.co/D7nDtJK/Gem-Bites32x32.png"
    },
    {
      "name": "Genesis",
      "address": "0x51869836681BcE74a514625c856aFb697a013797",
      "symbol": "GENESIS",
      "decimals": 18,
      "chainId": 137,
      "logoURI": "https://assets.coingecko.com/coins/images/19905/small/kKkWmniB_400x400.jpg?1636100432"
    },
    {
      "name": "Aavegotchi GHST Token",
      "address": "0x385Eeac5cB85A38A9a07A70c73e0a3271CfB54A7",
      "symbol": "GHST",
      "decimals": 18,
      "chainId": 137,
      "logoURI": "https://aavegotchi.com/images/ghsttoken.svg"
    },
    {
      "name": "GAMEE",
      "address": "0xcf32822ff397Ef82425153a9dcb726E5fF61DCA7",
      "symbol": "GMEE",
      "decimals": 18,
      "chainId": 137,
      "logoURI": "https://assets.coingecko.com/coins/images/14716/small/gmee-200x200.png?1621827468"
    },
    {
      "name": "Gnosis Token",
      "address": "0x5FFD62D3C3eE2E81C00A7b9079FB248e7dF024A8",
      "symbol": "GNO",
      "decimals": 18,
      "chainId": 137,
      "logoURI": "https://raw.githubusercontent.com/trustwallet/assets/master/blockchains/ethereum/assets/0x6810e776880C02933D47DB1b9fc05908e5386b96/logo.png"
    },
    {
      "name": "Gains Network",
      "address": "0xE5417Af564e4bFDA1c483642db72007871397896",
      "symbol": "GNS",
      "decimals": 18,
      "chainId": 137,
      "logoURI": "https://gains.trade/images/logo.png"
    },
    {
      "name": "Helmet.insure on Polygon",
      "address": "0x948d2a81086A075b3130BAc19e4c6DEe1D2E3fE8",
      "symbol": "Guard",
      "decimals": 18,
      "chainId": 137,
      "logoURI": "https://i.imgur.com/VtDIzy7.png"
    },
    {
      "name": "Hanu Yokia",
      "address": "0x709A4B6217584188DDb93c82f5d716D969accE1C",
      "symbol": "HANU",
      "decimals": 12,
      "chainId": 137,
      "logoURI": "https://assets.coingecko.com/coins/images/17161/small/Goji_Hanu_Logo_200x200.png?1627127472"
    },
    {
      "name": "HBAR",
      "address": "0x1646C835d70F76D9030DF6BaAeec8f65c250353d",
      "symbol": "HBAR",
      "decimals": 8,
      "chainId": 137,
      "logoURI": "https://assets.coingecko.com/coins/images/3688/small/mqTDGK7Q.png?1566256777"
    },
    {
      "name": "HEXX",
      "address": "0x23D29D30e35C5e8D321e1dc9A8a61BFD846D4C5C",
      "symbol": "HEX",
      "decimals": 8,
      "chainId": 137,
      "logoURI": "https://hex.com/favicon.png"
    },
    {
      "name": "HONOR",
      "address": "0xb82A20B4522680951F11c94c54B8800c1C237693",
      "symbol": "HONOR",
      "decimals": 18,
      "chainId": 137,
      "logoURI": "https://s2.coinmarketcap.com/static/img/coins/64x64/10620.png"
    },
    {
      "name": "Huobi Token",
      "address": "0xA731349fa468614c1698fc46ebf06Da6F380239e",
      "symbol": "HT",
      "decimals": 18,
      "chainId": 137,
      "logoURI": "https://assets.coingecko.com/coins/images/2822/small/huobi-token-logo.png?1547036992"
    },
    {
      "name": "Decentral Games ICE",
      "address": "0xc6C855AD634dCDAd23e64DA71Ba85b8C51E5aD7c",
      "symbol": "ICE",
      "decimals": 18,
      "chainId": 137,
      "logoURI": "https://assets.coingecko.com/coins/images/18110/small/ice-poker.png?1630500966"
    },
    {
      "name": "iFARM",
      "address": "0xab0b2ddB9C7e440fAc8E140A89c0dbCBf2d7Bbff",
      "symbol": "iFARM",
      "decimals": 18,
      "chainId": 137,
      "logoURI": "https://raw.githubusercontent.com/harvestfi/assets/main/farm-logo.png"
    },
    {
      "name": "IG Gold",
      "address": "0xe6FC6C7CB6d2c31b359A49A33eF08aB87F4dE7CE",
      "symbol": "IGG",
      "decimals": 6,
      "chainId": 137,
      "logoURI": "https://assets.coingecko.com/coins/images/7697/small/N7aEdYrY_400x400.png?1561587437"
    },
    {
      "name": "Impermax",
      "address": "0x60bB3D364B765C497C8cE50AE0Ae3f0882c5bD05",
      "symbol": "IMX",
      "decimals": 18,
      "chainId": 137,
      "logoURI": "https://polygon.impermax.finance/build/assets/icons/0x60bb3d364b765c497c8ce50ae0ae3f0882c5bd05.png"
    },
    {
      "name": "IOI Token",
      "address": "0xAF24765F631C8830B5528B57002241eE7eef1C14",
      "symbol": "IOI",
      "decimals": 6,
      "chainId": 137,
      "logoURI": "https://assets.coingecko.com/coins/images/15952/small/IOI.jpg?1622514420"
    },
    {
      "name": "IRISnet",
      "address": "0x3dc6052a693E4a2fc28Eb2Ea12fe0CfD3BD221D1",
      "symbol": "IRIS",
      "decimals": 6,
      "chainId": 137,
      "logoURI": "https://assets.coingecko.com/coins/images/5135/small/IRIS.png?1557999365"
    },
    {
      "name": "JPY Coin",
      "address": "0x6AE7Dfc73E0dDE2aa99ac063DcF7e8A63265108c",
      "symbol": "JPYC",
      "decimals": 18,
      "chainId": 137,
      "logoURI": "https://assets.coingecko.com/coins/images/17277/small/WoZ8rruL_400x400.png?1627016492"
    },
    {
      "name": "Jarvis Reward Token",
      "address": "0x596eBE76e2DB4470966ea395B0d063aC6197A8C5",
      "symbol": "JRT",
      "decimals": 18,
      "chainId": 137,
      "logoURI": "https://raw.githubusercontent.com/trustwallet/assets/b8086dbc7040582d1412effe7a951914d4a96eef/blockchains/ethereum/assets/0x8A9C67fee641579dEbA04928c4BC45F66e26343A/logo.png"
    },
    {
      "name": "Kirobo",
      "address": "0xB382C1cfA622795a534e5bd56Fac93d59BAc8B0D",
      "symbol": "KIRO",
      "decimals": 18,
      "chainId": 137,
      "logoURI": "https://assets.coingecko.com/coins/images/12688/small/QmScxyKBwqbGJZmp38EwaoRpXbzPkq3tvuMjeuJE1YLZeG.png?1601672684"
    },
    {
      "name": "Forest Knight",
      "address": "0x4455eF8B4B4A007a93DaA12DE63a47EEAC700D9D",
      "symbol": "KNIGHT",
      "decimals": 18,
      "chainId": 137,
      "logoURI": "https://assets.coingecko.com/coins/images/18441/small/Coin_Forest_Knight_200x200.png?1632480031"
    },
    {
      "name": "kogecoin.io",
      "address": "0x13748d548D95D78a3c83fe3F32604B4796CFfa23",
      "symbol": "KOGECOIN",
      "decimals": 9,
      "chainId": 137,
      "logoURI": "https://kogefarm.io/koge-logo-01.png"
    },
    {
      "name": "Kommunitas",
      "address": "0xC004e2318722EA2b15499D6375905d75Ee5390B8",
      "symbol": "KOM",
      "decimals": 8,
      "chainId": 137,
      "logoURI": "https://i.imgur.com/KTS2F7I.png"
    },
    {
      "name": "ChainLink Token",
      "address": "0x53E0bca35eC356BD5ddDFebbD1Fc0fD03FaBad39",
      "symbol": "LINK",
      "decimals": 18,
      "chainId": 137,
      "logoURI": "https://raw.githubusercontent.com/trustwallet/assets/master/blockchains/ethereum/assets/0x514910771AF9Ca656af840dff83E8264EcF986CA/logo.png"
    },
    {
      "name": "Lympo Market Token",
      "address": "0x873801Ae2ff12d816Db9a7B082F5796BEC64C82C",
      "symbol": "LMT",
      "decimals": 18,
      "chainId": 137,
      "logoURI": "https://assets.coingecko.com/coins/images/15155/small/coin_%282%29.png?1619995483"
    },
    {
      "name": "Wrapped LUNA Token",
      "address": "0x24834BBEc7E39ef42f4a75EAF8E5B6486d3F0e57",
      "symbol": "LUNA",
      "decimals": 18,
      "chainId": 137,
      "logoURI": "https://assets.coingecko.com/coins/images/8284/small/luna1557227471663.png?1567147072"
    },
    {
      "name": "MAI",
      "address": "0xa3Fa99A148fA48D14Ed51d610c367C61876997F1",
      "symbol": "MAI",
      "decimals": 18,
      "chainId": 137,
      "logoURI": "https://raw.githubusercontent.com/0xlaozi/qidao/main/images/mimatic-red.png"
    },
    {
      "name": "Decentraland MANA",
      "address": "0xA1c57f48F0Deb89f569dFbE6E2B7f46D33606fD4",
      "symbol": "MANA",
      "decimals": 18,
      "chainId": 137,
      "logoURI": "https://raw.githubusercontent.com/trustwallet/assets/master/blockchains/ethereum/assets/0x0F5D2fB29fb7d3CFeE444a200298f468908cC942/logo.png"
    },
    {
      "name": "Mask Network",
      "address": "0x2B9E7ccDF0F4e5B24757c1E1a80e311E34Cb10c7",
      "symbol": "MASK",
      "decimals": 18,
      "chainId": 137,
      "logoURI": "https://assets.coingecko.com/coins/images/14051/small/Mask_Network.jpg?1614050316"
    },
    {
      "name": "Monsoon Finance",
      "address": "0xa25610a77077390A75aD9072A084c5FbC7d43A0d",
      "symbol": "MCASH",
      "decimals": 18,
      "chainId": 137,
      "logoURI": "https://assets.coingecko.com/coins/images/18632/small/DdcZZeP_%282%29.png?1632716316"
    },
    {
      "name": "MacaronSwap Token",
      "address": "0xBA25B552C8A098AFdf276324C32C71fE28e0Ad40",
      "symbol": "MCRN",
      "decimals": 18,
      "chainId": 137,
      "logoURI": "https://assets.coingecko.com/coins/images/14633/small/macaron.png?1623038435"
    },
    {
      "name": "MeebMaster.com Token",
      "address": "0x64aFDF9e28946419E325d801Fb3053d8B8FFdC23",
      "symbol": "MEEB",
      "decimals": 18,
      "chainId": 137,
      "logoURI": "https://i.imgur.com/tmPoZ1D.png"
    },
    {
      "name": "Memecoin",
      "address": "0x42dbBd5ae373FEA2FC320F62d44C058522Bb3758",
      "symbol": "MEM",
      "decimals": 18,
      "chainId": 137,
      "logoURI": "https://media.discordapp.net/attachments/846293892785242143/852874003928449054/mem_gold_with_white_5.png"
    },
    {
      "name": "Morpheus Infrastructure Token",
      "address": "0x31042A4E66eDa0d12143ffc8cC1552D611dA4cbA",
      "symbol": "MITx",
      "decimals": 18,
      "chainId": 137,
      "logoURI": "https://assets.coingecko.com/coins/images/3164/small/mitx.png?1604888269"
    },
    {
      "name": "Million",
      "address": "0x5647Fe4281F8F6F01E84BCE775AD4b828A7b8927",
      "symbol": "MM",
      "decimals": 18,
      "chainId": 137,
      "logoURI": "https://assets.coingecko.com/coins/images/16825/small/logo200x200.png?1625834139"
    },
    {
      "name": "Ocean Token",
      "address": "0x282d8efCe846A88B159800bd4130ad77443Fa1A1",
      "symbol": "mOCEAN",
      "decimals": 18,
      "chainId": 137,
      "logoURI": "https://oceanprotocol.com/static/4ad704a150d436a1f32d495413fc47cd/favicon-white.png"
    },
    {
      "name": "MODEFI",
      "address": "0x8346Ab8d5EA7A9Db0209aEd2d1806AFA0E2c4C21",
      "symbol": "MOD",
      "decimals": 18,
      "chainId": 137,
      "logoURI": "https://modefi.io/images/modefi256.png"
    },
    {
      "name": "Monavale",
      "address": "0x6968105460f67c3BF751bE7C15f92F5286Fd0CE5",
      "symbol": "MONA",
      "decimals": 18,
      "chainId": 137,
      "logoURI": "https://i.imgur.com/FR12tmm.jpg"
    },
    {
      "name": "Polywolf",
      "address": "0xc56d17dD519e5eB43a19C9759b5D5372115220BD",
      "symbol": "MOON",
      "decimals": 18,
      "chainId": 137,
      "logoURI": "https://i.postimg.cc/CxvzF5bJ/moon-black.png"
    },
    {
      "name": "MoonEdge",
      "address": "0x7E4c577ca35913af564ee2a24d882a4946Ec492B",
      "symbol": "MOONED",
      "decimals": 18,
      "chainId": 137,
      "logoURI": "https://assets.coingecko.com/coins/images/17393/small/ME_logo_200_200.png?1627526275"
    },
    {
      "name": "Mobius Token",
      "address": "0x2db0Db271a10661e7090b6758350E18F6798a49D",
      "symbol": "MOT",
      "decimals": 18,
      "chainId": 137,
      "logoURI": "https://assets.coingecko.com/coins/images/18144/small/11322.png?1630668459"
    },
    {
      "name": "MaticVerse",
      "address": "0xFEb090FcD433dE479396E82DB8B83a470dbAD3c9",
      "symbol": "Mverse",
      "decimals": 18,
      "chainId": 137,
      "logoURI": "https://assets.coingecko.com/coins/images/18403/small/A0782-F05-535-C-45-C8-BE4-F-FEBB4-B8-B5933.jpg?1631792934"
    },
    {
      "name": "Nexo",
      "address": "0x41b3966B4FF7b427969ddf5da3627d6AEAE9a48E",
      "symbol": "NEXO",
      "decimals": 18,
      "chainId": 137,
      "logoURI": "https://s2.coinmarketcap.com/static/img/coins/200x200/2694.png"
    },
    {
      "name": "NASDEX Token",
      "address": "0xE8d17b127BA8b9899a160D9a07b69bCa8E08bfc6",
      "symbol": "NSDX",
      "decimals": 18,
      "chainId": 137,
      "logoURI": "https://assets.coingecko.com/coins/images/18634/small/nadex.PNG?1632727863"
    },
    {
      "name": "O3 Swap Token",
      "address": "0xEe9801669C6138E84bD50dEB500827b776777d28",
      "symbol": "O3",
      "decimals": 18,
      "chainId": 137,
      "logoURI": "https://assets.coingecko.com/coins/images/15460/small/o3.png?1620904316"
    },
    {
      "name": "OddzToken",
      "address": "0x4e830F67Ec499E69930867f9017AEb5B3f629c73",
      "symbol": "ODDZ",
      "decimals": 18,
      "chainId": 137,
      "logoURI": "https://assets.coingecko.com/coins/images/14421/small/img_circle_200x200.png?1617345151"
    },
    {
      "name": "OM",
      "address": "0xC3Ec80343D2bae2F8E680FDADDe7C17E71E114ea",
      "symbol": "OM",
      "decimals": 18,
      "chainId": 137,
      "logoURI": "https://etherscan.io/token/images/mantradao_32.png"
    },
    {
      "name": "Augury Finance",
      "address": "0x76e63a3E7Ba1e2E61D3DA86a87479f983dE89a7E",
      "symbol": "OMEN",
      "decimals": 18,
      "chainId": 137,
      "logoURI": "https://augury.finance/_nuxt/img/omen.b433161.png"
    },
    {
      "name": "OpenOcean",
      "address": "0x9d5565dA88e596730522CbC5a918d2A89dbC16d9",
      "symbol": "OOE",
      "decimals": 18,
      "chainId": 137,
      "logoURI": "https://cloudstorage.openocean.finance/image/ooe_log.png"
    },
    {
      "name": "Orbs",
      "address": "0x614389EaAE0A6821DC49062D56BDA3d9d45Fa2ff",
      "symbol": "ORBS",
      "decimals": 18,
      "chainId": 137,
      "logoURI": "https://assets.coingecko.com/coins/images/4630/small/Orbs.jpg?1547039896"
    },
    {
      "name": "Orbit Bridge Polygon AUTOv2",
      "address": "0x7f426F6Dc648e50464a0392E60E1BB465a67E9cf",
      "symbol": "PAUTO",
      "decimals": 18,
      "chainId": 137,
      "logoURI": "https://assets.coingecko.com/coins/images/13751/small/autofarm_icon_200x200.png?1611494288"
    },
    {
      "name": "PolkaBridge",
      "address": "0x0D6ae2a429df13e44A07Cd2969E085e4833f64A0",
      "symbol": "PBR",
      "decimals": 18,
      "chainId": 137,
      "logoURI": "https://assets.coingecko.com/coins/images/13744/small/symbol-whitebg200x200.png?1611377553"
    },
    {
      "name": "pTokens BTC",
      "address": "0xd7ecf95Cf7eF5256990BeAf4ac895cD9e64cb947",
      "symbol": "pBTC",
      "decimals": 18,
      "chainId": 137,
      "logoURI": "https://assets.coingecko.com/coins/images/10805/small/J51iIea.png?1583891599"
    },
    {
      "name": "PERA",
      "address": "0xe95fD76CF16008c12FF3b3a937CB16Cd9Cc20284",
      "symbol": "PERA",
      "decimals": 18,
      "chainId": 137,
      "logoURI": "https://assets.coingecko.com/coins/images/16185/small/Pera.jpg?1623238387"
    },
    {
      "name": "Phoenix Token",
      "address": "0x9C6BfEdc14b5C23E3900889436Edca7805170f01",
      "symbol": "PHX",
      "decimals": 18,
      "chainId": 137,
      "logoURI": "https://assets.coingecko.com/coins/images/17675/small/phx_logo.png?1628832432"
    },
    {
      "name": "PLOT",
      "address": "0xe82808eaA78339b06a691fd92E1Be79671cAd8D3",
      "symbol": "PLOT",
      "decimals": 18,
      "chainId": 137,
      "logoURI": "https://i.imgur.com/nQDG9AQ.png"
    },
    {
      "name": "PILLAR",
      "address": "0xa6b37fC85d870711C56FbcB8afe2f8dB049AE774",
      "symbol": "PLR",
      "decimals": 18,
      "chainId": 137,
      "logoURI": "https://assets.coingecko.com/coins/images/809/small/v2logo-1.png?1624906282"
    },
    {
      "name": "pTokens PNT",
      "address": "0xB6bcae6468760bc0CDFb9C8ef4Ee75C9dd23e1Ed",
      "symbol": "PNT",
      "decimals": 18,
      "chainId": 137,
      "logoURI": "https://assets.coingecko.com/coins/images/11659/small/pNetwork.png?1592411134"
    },
    {
      "name": "Polygon BUNNY Token",
      "address": "0x4C16f69302CcB511c5Fac682c7626B9eF0Dc126a",
      "symbol": "polyBUNNY",
      "decimals": 18,
      "chainId": 137,
      "logoURI": "https://raw.githubusercontent.com/PancakeBunny-finance/PolygonBUNNY/main/assets/token-bunny_32x32.png"
    },
    {
      "name": "PolyDoge",
      "address": "0x8A953CfE442c5E8855cc6c61b1293FA648BAE472",
      "symbol": "PolyDoge",
      "decimals": 18,
      "chainId": 137,
      "logoURI": "https://polydoge.com/doge-webpage_files/doge.png"
    },
    {
      "name": "PoolTogether",
      "address": "0x25788a1a171ec66Da6502f9975a15B609fF54CF6",
      "symbol": "POOL",
      "decimals": 18,
      "chainId": 137,
      "logoURI": "https://assets.coingecko.com/coins/images/14003/small/PoolTogether.png?1613585632"
    },
    {
      "name": "pSwampy",
      "address": "0x5f1657896B38c4761dbc5484473c7A7C845910b6",
      "symbol": "pSwamp",
      "decimals": 18,
      "chainId": 137,
      "logoURI": "https://swamp.finance/static/frontend/img/symbols/pswamp.svg"
    },
    {
      "name": "PYR Token",
      "address": "0x348e62131fce2F4e0d5ead3Fe1719Bc039B380A9",
      "symbol": "PYR",
      "decimals": 18,
      "chainId": 137,
      "logoURI": "https://assets.coingecko.com/coins/images/14770/small/1617088937196.png?1619414736"
    },
    {
      "name": "Qi Dao",
      "address": "0x580A84C73811E1839F75d86d75d88cCa0c241fF4",
      "symbol": "QI",
      "decimals": 18,
      "chainId": 137,
      "logoURI": "https://raw.githubusercontent.com/0xlaozi/qidao/main/images/qi.png"
    },
    {
      "name": "Quickswap",
      "address": "0x831753DD7087CaC61aB5644b308642cc1c33Dc13",
      "symbol": "QUICK",
      "decimals": 18,
      "chainId": 137,
      "logoURI": "https://raw.githubusercontent.com/sameepsi/quickswap-interface/master/public/favicon.jpeg"
    },
    {
      "name": "QuickChart",
      "address": "0x0Af77B096cbDF53B5c39c2fcff8F14C5E3a36356",
      "symbol": "QuickChart",
      "decimals": 9,
      "chainId": 137,
      "logoURI": "https://i.imgur.com/jv5A0eX.png"
    },
    {
      "name": "RAMP",
      "address": "0xaECeBfcF604AD245Eaf0D5BD68459C3a7A6399c2",
      "symbol": "RAMP",
      "decimals": 18,
      "chainId": 137,
      "logoURI": "https://assets.coingecko.com/coins/images/12837/small/RAMP-Logo-v2-1000pxsq.png?1617952606"
    },
    {
      "name": "Regen Network",
      "address": "0xEc482De9569a5EA3Dd9779039b79e53F15791fDE",
      "symbol": "REGEN",
      "decimals": 6,
      "chainId": 137,
      "logoURI": "https://assets.coingecko.com/coins/images/16733/small/REGEN.png?1624861317"
    },
    {
      "name": "Zerogoki Token",
      "address": "0xB9f9e37c2CdbaFF928C3Da730b02F06fE09aE70E",
      "symbol": "REI",
      "decimals": 18,
      "chainId": 137,
      "logoURI": "https://assets.coingecko.com/coins/images/17015/small/iconZerogoki.png?1626618921"
    },
    {
      "name": "Relay Token",
      "address": "0x904371845Bc56dCbBcf0225ef84a669b2fD6bd0d",
      "symbol": "RELAY",
      "decimals": 18,
      "chainId": 137,
      "logoURI": "https://assets.coingecko.com/coins/images/17816/small/relay-logo-200.png?1629339288"
    },
    {
      "name": "renDGB",
      "address": "0x2628568509E87c4429fBb5c664Ed11391BE1BD29",
      "symbol": "renDGB",
      "decimals": 8,
      "chainId": 137,
      "logoURI": "https://raw.githubusercontent.com/sameepsi/quickswap-default-token-list/master/assets/renDGB.svg"
    },
    {
      "name": "renDOGE",
      "address": "0xcE829A89d4A55a63418bcC43F00145adef0eDB8E",
      "symbol": "renDOGE",
      "decimals": 8,
      "chainId": 137,
      "logoURI": "https://assets.coingecko.com/coins/images/13796/small/renDOGE.png?1611897869"
    },
    {
      "name": "REVV",
      "address": "0x70c006878a5A50Ed185ac4C87d837633923De296",
      "symbol": "REVV",
      "decimals": 18,
      "chainId": 137,
      "logoURI": "https://assets.coingecko.com/coins/images/12373/small/REVV_TOKEN_Refined_2021_%281%29.png?1627652390"
    },
    {
      "name": "Darwinia",
      "address": "0x9C1C23E60B72Bc88a043bf64aFdb16A02540Ae8f",
      "symbol": "Ring",
      "decimals": 18,
      "chainId": 137,
      "logoURI": "https://assets.coingecko.com/coins/images/9443/small/RING.png?1615271827"
    },
    {
      "name": "Render Token",
      "address": "0x61299774020dA444Af134c82fa83E3810b309991",
      "symbol": "RNDR",
      "decimals": 18,
      "chainId": 137,
      "logoURI": "https://assets.coingecko.com/coins/images/11636/small/uTDd98ZN_400x400.jpg?1592200150"
    },
    {
      "name": "rUSD",
      "address": "0xfC40a4F89b410a1b855b5e205064a38fC29F5eb5",
      "symbol": "rUSD",
      "decimals": 18,
      "chainId": 137,
      "logoURI": "https://assets.coingecko.com/coins/images/16184/small/rUSD-Logo-200.png?1623231145"
    },
    {
      "name": "ScaleSwapToken",
      "address": "0x11a819Beb0AA3327E39f52F90d65Cc9bCA499F33",
      "symbol": "SCA",
      "decimals": 18,
      "chainId": 137,
      "logoURI": "https://assets.coingecko.com/coins/images/16360/small/thumbnail_1170823958_vertical_logo_lateral_radiance.png?1623810516"
    },
    {
      "name": "PolyShield",
      "address": "0xF239E69ce434c7Fb408b05a0Da416b14917d934e",
      "symbol": "SHI3LD",
      "decimals": 18,
      "chainId": 137,
      "logoURI": "https://assets.coingecko.com/coins/images/17641/small/QRE5xI0.png?1628741510"
    },
    {
      "name": "SHIBA INU",
      "address": "0x6f8a06447Ff6FcF75d803135a7de15CE88C1d4ec",
      "symbol": "SHIB",
      "decimals": 18,
      "chainId": 137,
      "logoURI": "https://assets.coingecko.com/coins/images/11939/small/shiba.png?1622619446"
    },
    {
      "name": "StrongNodeEdge Token",
      "address": "0x32934CB16DA43fd661116468c1B225Fc26CF9A8c",
      "symbol": "SNE",
      "decimals": 18,
      "chainId": 137,
      "logoURI": "https://s2.coinmarketcap.com/static/img/coins/64x64/12258.png"
    },
    {
      "name": "Snook",
      "address": "0x689f8e5913C158fFB5Ac5aeb83b3C875F5d20309",
      "symbol": "SNK",
      "decimals": 18,
      "chainId": 137,
      "logoURI": "https://assets.coingecko.com/coins/images/18197/small/snk.png?1630979321"
    },
    {
      "name": "SOL",
      "address": "0x7DfF46370e9eA5f0Bad3C4E29711aD50062EA7A4",
      "symbol": "SOL",
      "decimals": 18,
      "chainId": 137,
      "logoURI": "https://assets.coingecko.com/coins/images/4128/small/coinmarketcap-solana-200.png?1616489452"
    },
    {
      "name": "BSCstarter",
      "address": "0x6Ccf12B480A99C54b23647c995f4525D544A7E72",
      "symbol": "START",
      "decimals": 18,
      "chainId": 137,
      "logoURI": "https://assets.coingecko.com/coins/images/14301/small/logo_poly_sym.png?1624893386"
    },
    {
      "name": "SuperFarm",
      "address": "0xa1428174F516F527fafdD146b883bB4428682737",
      "symbol": "SUPER",
      "decimals": 18,
      "chainId": 137,
      "logoURI": "https://assets.coingecko.com/coins/images/14040/small/6YPdWn6.png?1613975899"
    },
    {
      "name": "TrustSwap Token",
      "address": "0x3809dcDd5dDe24B37AbE64A5a339784c3323c44F",
      "symbol": "SWAP",
      "decimals": 18,
      "chainId": 137,
      "logoURI": "https://i.imgur.com/vZnU36G.png"
    },
    {
      "name": "SportX",
      "address": "0x840195888Db4D6A99ED9F73FcD3B225Bb3cB1A79",
      "symbol": "SX",
      "decimals": 18,
      "chainId": 137,
      "logoURI": "https://raw.githubusercontent.com/sameepsi/quickswap-default-token-list/master/assets/sx.jpg"
    },
    {
      "name": "The Crypto Prophecies",
      "address": "0x032F85b8FbF8540a92B986d953e4C3A61C76d39E",
      "symbol": "TCP",
      "decimals": 18,
      "chainId": 137,
      "logoURI": "https://assets.coingecko.com/coins/images/15054/small/tcp.PNG?1619579195"
    },
    {
      "name": "Cryptomeda",
      "address": "0x6286A9e6f7e745A6D884561D88F94542d6715698",
      "symbol": "TECH",
      "decimals": 18,
      "chainId": 137,
      "logoURI": "https://assets.coingecko.com/coins/images/17983/small/Profile_picture_white.jpg?1630149169"
    },
    {
      "name": "Telcoin",
      "address": "0xdF7837DE1F2Fa4631D716CF2502f8b230F1dcc32",
      "symbol": "TEL",
      "decimals": 2,
      "chainId": 137,
      "logoURI": "https://etherscan.io/token/images/telcoin_28.png"
    },
    {
      "name": "TETU Reward Token",
      "address": "0x255707B70BF90aa112006E1b07B9AeA6De021424",
      "symbol": "TETU",
      "decimals": 18,
      "chainId": 137,
      "logoURI": "https://assets.coingecko.com/coins/images/17882/small/gradient_icon_926.png?1629707907"
    },
    {
      "name": "Polytrade",
      "address": "0x692AC1e363ae34b6B489148152b12e2785a3d8d6",
      "symbol": "TRADE",
      "decimals": 18,
      "chainId": 137,
      "logoURI": "https://polygonscan.com/token/images/polytrade_32.png"
    },
    {
      "name": "Unibright",
      "address": "0x7FBc10850caE055B27039aF31bD258430e714c62",
      "symbol": "UBT",
      "decimals": 8,
      "chainId": 137,
      "logoURI": "https://assets.coingecko.com/coins/images/2707/small/UnibrightLogo_colorful_500x500_preview.png?1547036916"
    },
    {
      "name": "UnirisToken",
      "address": "0x3C720206bFaCB2d16fA3ac0ed87D2048Dbc401Fc",
      "symbol": "UCO",
      "decimals": 18,
      "chainId": 137,
      "logoURI": "https://assets.coingecko.com/coins/images/12330/small/e353ZVj.png?1599112996"
    },
    {
      "name": "PureFi Token",
      "address": "0x3c205C8B3e02421Da82064646788c82f7bd753B9",
      "symbol": "UFI",
      "decimals": 18,
      "chainId": 137,
      "logoURI": "https://assets.coingecko.com/coins/images/17341/small/purefi.PNG?1627362147"
    },
    {
      "name": "UniLend Finance Token",
      "address": "0x5B4CF2C120A9702225814E18543ee658c5f8631e",
      "symbol": "UFT",
      "decimals": 18,
      "chainId": 137,
      "logoURI": "https://assets.coingecko.com/coins/images/12819/small/UniLend_Finance_logo_PNG.png?1602748658"
    },
    {
      "name": "Unreal Governance Token",
      "address": "0xBa4c54Ea2d66b904C82847A7d2357d22B857E812",
      "symbol": "UGT",
      "decimals": 18,
      "chainId": 137,
      "logoURI": "https://s2.coinmarketcap.com/static/img/coins/200x200/11292.png"
    },
    {
      "name": "Continuum",
      "address": "0x3B1A0c9252ee7403093fF55b4a5886d49a3d837a",
      "symbol": "UM",
      "decimals": 18,
      "chainId": 137,
      "logoURI": "https://assets.coingecko.com/coins/images/18798/small/Moneda.png?1633474110"
    },
    {
      "name": "Uniswap",
      "address": "0xb33EaAd8d922B1083446DC23f610c2567fB5180f",
      "symbol": "UNI",
      "decimals": 18,
      "chainId": 137,
      "logoURI": "https://raw.githubusercontent.com/sameepsi/quickswap-interface/master/public/favicon1.png"
    },
    {
      "name": "USD Coin",
      "address": "0x2791Bca1f2de4661ED88A30C99A7a9449Aa84174",
      "symbol": "USDC",
      "decimals": 6,
      "chainId": 137,
      "logoURI": "https://raw.githubusercontent.com/trustwallet/assets/master/blockchains/ethereum/assets/0xA0b86991c6218b36c1d19D4a2e9Eb0cE3606eB48/logo.png"
    },
    {
      "name": "Tether USD",
      "address": "0xc2132D05D31c914a87C6611C10748AEb04B58e8F",
      "symbol": "USDT",
      "decimals": 6,
      "chainId": 137,
      "logoURI": "https://raw.githubusercontent.com/trustwallet/assets/master/blockchains/ethereum/assets/0xdAC17F958D2ee523a2206206994597C13D831ec7/logo.png"
    },
    {
      "name": "Wrapped UST Token",
      "address": "0x692597b009d13C4049a947CAB2239b7d6517875F",
      "symbol": "UST",
      "decimals": 18,
      "chainId": 137,
      "logoURI": "https://assets.coingecko.com/coins/images/12681/small/UST.png?1601612407"
    },
    {
      "name": "Vision Token",
      "address": "0x034b2090b579228482520c589dbD397c53Fc51cC",
      "symbol": "VISION",
      "decimals": 18,
      "chainId": 137,
      "logoURI": "https://s3-us-west-2.amazonaws.com/acf-uploads/apyvisionlogo200circle.png"
    },
    {
      "name": "yieldwatch",
      "address": "0x09211Dc67f9fe98Fb7bBB91Be0ef05f4a12FA2b2",
      "symbol": "WATCH",
      "decimals": 18,
      "chainId": 137,
      "logoURI": "https://assets.coingecko.com/coins/images/14186/small/WATCH1.png?1614825718"
    },
    {
      "name": "Wrapped BTC",
      "address": "0x1BFD67037B42Cf73acF2047067bd4F2C47D9BfD6",
      "symbol": "WBTC",
      "decimals": 8,
      "chainId": 137,
      "logoURI": "https://raw.githubusercontent.com/trustwallet/assets/master/blockchains/ethereum/assets/0x2260FAC5E5542a773Aa44fBCfeDf7C193bc2C599/logo.png"
    },
    {
      "name": "Wise Token",
      "address": "0xB77e62709e39aD1cbeEBE77cF493745AeC0F453a",
      "symbol": "WISE",
      "decimals": 18,
      "chainId": 137,
      "logoURI": "https://etherscan.io/token/images/wisetoken_32.png"
    },
    {
      "name": "Wrapped Matic",
      "address": "0x0d500B1d8E8eF31E21C99d1Db9A6444d3ADf1270",
      "symbol": "WMATIC",
      "decimals": 18,
      "chainId": 137,
      "logoURI": "https://raw.githubusercontent.com/trustwallet/assets/master/blockchains/ethereum/assets/0x7D1AfA7B718fb893dB30A3aBc0Cfc608AaCfeBB0/logo.png"
    },
    {
      "name": "moonwolf.io",
      "address": "0x8f18dC399594b451EdA8c5da02d0563c0b2d0f16",
      "symbol": "WOLF",
      "decimals": 9,
      "chainId": 137,
      "logoURI": "https://i.postimg.cc/PfLb0ssB/wolf-black.png"
    },
    {
      "name": "Wootrade Network",
      "address": "0x1B815d120B3eF02039Ee11dC2d33DE7aA4a8C603",
      "symbol": "WOO",
      "decimals": 18,
      "chainId": 137,
      "logoURI": "https://raw.githubusercontent.com/sameepsi/quickswap-default-token-list/master/assets/wootrade_w.svg"
    },
    {
      "name": "WOWswap",
      "address": "0x855D4248672a1fCE482165e8DBE1207b94b1968a",
      "symbol": "WOW",
      "decimals": 18,
      "chainId": 137,
      "logoURI": "https://assets.coingecko.com/coins/images/14101/small/Group-423.png?1614317472"
    },
    {
      "name": "WazirX",
      "address": "0x72d6066F486bd0052eefB9114B66ae40e0A6031a",
      "symbol": "WRX",
      "decimals": 8,
      "chainId": 137,
      "logoURI": "https://etherscan.io/token/images/binance-wrx_32.png"
    },
    {
      "name": "Wall Street Games",
      "address": "0x3C1BB39bb696B443a1D80BB2b3a3d950Ba9DEE87",
      "symbol": "WSG",
      "decimals": 18,
      "chainId": 137,
      "logoURI": "https://i.imgur.com/BDibHLm.png"
    },
    {
      "name": "XCAD Token",
      "address": "0xA55870278d6389ec5B524553D03C04F5677c061E",
      "symbol": "XCAD",
      "decimals": 18,
      "chainId": 137,
      "logoURI": "https://i.imgur.com/jykuRwK.png"
    },
    {
      "name": "X-Cash",
      "address": "0x03678f2c2c762DC63c2Bb738c3a837D366eDa560",
      "symbol": "XCash",
      "decimals": 18,
      "chainId": 137,
      "logoURI": "https://assets.coingecko.com/coins/images/6331/small/5fbb9e5b8f27d74dd8bcb912_xcash_coingecko_logo.png?1606133752"
    },
    {
      "name": "Exeedme",
      "address": "0x2fe8733dcb25BFbbA79292294347415417510067",
      "symbol": "XED",
      "decimals": 18,
      "chainId": 137,
      "logoURI": "https://i.imgur.com/Kte7hVj.jpg"
    },
    {
      "name": "Persistence",
      "address": "0xb3b9c016AD1E9f7EFdAE451b04EF696e05658b32",
      "symbol": "XPRT",
      "decimals": 6,
      "chainId": 137,
      "logoURI": "https://assets.coingecko.com/coins/images/14582/small/512_Light.png?1617149658"
    },
    {
      "name": "YAMP.FINANCE",
      "address": "0x87f654c4b347230C60CAD8d7ea9cF0D7238bcc79",
      "symbol": "YAMP",
      "decimals": 18,
      "chainId": 137,
      "logoURI": "https://yamp.finance/img/yamp_logo.svg"
    },
    {
      "name": "YEL Token",
      "address": "0xD3b71117E6C1558c1553305b44988cd944e97300",
      "symbol": "YEL",
      "decimals": 18,
      "chainId": 137,
      "logoURI": "https://i.imgur.com/cwfndaf.png"
    },
    {
      "name": "YfDAI.finance",
      "address": "0x7E7fF932FAb08A0af569f93Ce65e7b8b23698Ad8",
      "symbol": "Yf-DAI",
      "decimals": 18,
      "chainId": 137,
      "logoURI": "https://assets.coingecko.com/coins/images/12385/small/1619048513068.png?1622193581"
    },
    {
      "name": "yearn.finance",
      "address": "0xDA537104D6A5edd53c6fBba9A898708E465260b6",
      "symbol": "YFI",
      "decimals": 18,
      "chainId": 137,
      "logoURI": "https://raw.githubusercontent.com/trustwallet/assets/master/blockchains/ethereum/assets/0x0bc529c00C6401aEF6D220BE8C6Ea1667F6Ad93e/logo.png"
    },
    {
      "name": "Zerogoki USD",
      "address": "0x5668F6d40E15188045a1dE6295054103C13ffAc1",
      "symbol": "zUSD",
      "decimals": 18,
      "chainId": 137,
      "logoURI": "https://assets.coingecko.com/coins/images/17028/small/iconUSD.png?1626619046"
    },
    {
      "name": "Dai Stablecoin",
      "address": "0xcB1e72786A6eb3b44C2a2429e317c8a2462CFeb1",
      "symbol": "DAI",
      "decimals": 18,
      "chainId": 80001,
      "logoURI": "https://raw.githubusercontent.com/trustwallet/assets/master/blockchains/ethereum/assets/0x6B175474E89094C44Da98b954EedeAC495271d0F/logo.png"
    },
    {
      "name": "Ether",
      "address": "0x714550C2C1Ea08688607D86ed8EeF4f5E4F22323",
      "symbol": "ETH",
      "decimals": 18,
      "chainId": 80001,
      "logoURI": "https://raw.githubusercontent.com/trustwallet/assets/master/blockchains/ethereum/assets/0xC02aaA39b223FE8D0A0e5C4F27eAD9083C756Cc2/logo.png"
    },
    {
      "name": "Tether USD",
      "address": "0x3813e82e6f7098b9583FC0F33a962D02018B6803",
      "symbol": "USDT",
      "decimals": 6,
      "chainId": 80001,
      "logoURI": "https://raw.githubusercontent.com/trustwallet/assets/master/blockchains/ethereum/assets/0xdAC17F958D2ee523a2206206994597C13D831ec7/logo.png"
    },
    {
      "name": "Wrapped Matic",
      "address": "0xd0A1E359811322d97991E03f863a0C30C2cF029C",
      "symbol": "WMATIC",
      "decimals": 18,
      "chainId": 80001,
      "logoURI": "https://raw.githubusercontent.com/trustwallet/assets/master/blockchains/ethereum/assets/0x7D1AfA7B718fb893dB30A3aBc0Cfc608AaCfeBB0/logo.png"
    }
  ]
}
