{
  "stories": [
    {
        "_id": "1",
        "creator_name": "Anonymous User",
        "content": "testing anon",
        "__v": 0
    },
    {
        "_id": "2",
        "creator_name": "Anonymous User",
        "content": "fdsa",
        "__v": 0
    },
    {
        "_id": "3",
        "creator_name": "Anonymous User",
        "content": "asdf",
        "__v": 0
    },
    {
        "_id": "4",
        "creator_name": "Anonymous User",
        "content": "fdsa",
        "__v": 0
    },
    {
        "_id": "5",
        "creator_name": "Anonymous User",
        "content": "asdf",
        "__v": 0
    }
  ],
  "comments": [
    {
        "_id": "101",
        "creator_name": "Anonymous User",
        "parent": "2",
        "content": "block AAA",
        "__v": 0
    },
    {
      "_id": "102",
      "creator_name": "Anonymous User",
      "parent": "1",
      "content": "Hello",
      "__v": 0
    },
    {
      "_id": "103",
      "creator_name": "Anonymous User",
      "parent": "4",
      "content": "How are you",
      "__v": 0
    }  
  ]
}